Model,MAE,RMSE,R2
Linear Regression,215.0142244580095,266.1215378355876,-0.0014137875761444096
Random Forest Regressor,224.96859947350475,277.147172569584,-0.08611152538324118
Gradient Boosting Regressor,215.82268274763348,267.5840703474527,-0.01245103588663321
